{"prefix": {"roocs": "urn:roocs:", "provone": "https://purl.dataone.org/provone/2015/01/15/ontology#", "dcterms": "http://purl.org/dc/terms/"}, "agent": {"roocs:C3S_CDS": {"prov:type": {"$": "prov:Organization", "type": "prov:QUALIFIED_NAME"}, "prov:label": "Copernicus Climate Data Store", "dcterms:source": "https://cds.climate.copernicus.eu"}, "roocs:Provider": {"prov:type": {"$": "prov:Agent", "type": "prov:QUALIFIED_NAME"}, "prov:label": "Provider", "dcterms:source": "Rook"}, "roocs:rook_v0.17.1": {"prov:type": {"$": "prov:SoftwareAgent", "type": "prov:QUALIFIED_NAME"}, "prov:label": "Rook", "dcterms:source": "https://github.com/roocs/rook/releases/tag/v0.17.1"}, "roocs:clisops_v0.16.1": {"prov:type": {"$": "prov:SoftwareAgent", "type": "prov:QUALIFIED_NAME"}, "prov:label": "clisops", "dcterms:source": "https://github.com/roocs/clisops/releases/tag/v0.16.1"}}, "wasAttributedTo": {"_:id1": {"prov:entity": "roocs:rook_v0.17.1", "prov:agent": "roocs:C3S_CDS"}, "_:id2": {"prov:entity": "roocs:rook_v0.17.1", "prov:agent": "roocs:Provider"}}, "entity": {"roocs:workflow_037955ec-0688-4bf1-b76f-0aed3b88880c": {"prov:type": {"$": "provone:Workflow", "type": "prov:QUALIFIED_NAME"}}, "roocs:c3s-cmip6.CMIP.MRI.MRI-ESM2-0.historical.r1i1p1f1.Amon.ts.gn.v20190222": {"prov:type": {"$": "provone:Data", "type": "prov:QUALIFIED_NAME"}, "prov:label": "c3s-cmip6.CMIP.MRI.MRI-ESM2-0.historical.r1i1p1f1.Amon.ts.gn.v20190222"}, "roocs:ts_Amon_MRI-ESM2-0_historical_r1i1p1f1_gn_19500116-20141216.nc": {"prov:type": {"$": "provone:Data", "type": "prov:QUALIFIED_NAME"}, "prov:label": "ts_Amon_MRI-ESM2-0_historical_r1i1p1f1_gn_19500116-20141216.nc"}}, "activity": {"roocs:orchestrate_037955ec-0688-4bf1-b76f-0aed3b88880c": {"prov:type": {"$": "provone:Execution", "type": "prov:QUALIFIED_NAME"}, "prov:label": "orchestrate", "prov:startTime": "2025-05-16T18:51:31", "prov:endTime": "2025-05-16T18:51:34"}, "roocs:subset_ts_1_fbdde79d-8b2e-45e5-bfce-2ad5c89b34b8": {"prov:type": {"$": "provone:Execution", "type": "prov:QUALIFIED_NAME"}, "prov:label": "subset_ts_1", "roocs:time": "1950/2014", "roocs:time_components": "year:1950,1951,1952,1953,1954,1955,1956,1957,1958,1959,1960,1961,1962,1963,1964,1965,1966,1967,1968,1969,1970,1971,1972,1973,1974,1975,1976,1977,1978,1979,1980,1981,1982,1983,1984,1985,1986,1987,1988,1989,1990,1991,1992,1993,1994,1995,1996,1997,1998,1999,2000,2001,2002,2003,2004,2005,2006,2007,2008,2009,2010,2011,2012,2013,2014", "roocs:area": "5,35,20,47", "roocs:apply_fixes": false}}, "wasAssociatedWith": {"_:id3": {"prov:activity": "roocs:orchestrate_037955ec-0688-4bf1-b76f-0aed3b88880c", "prov:agent": "roocs:rook_v0.17.1", "prov:plan": "roocs:workflow_037955ec-0688-4bf1-b76f-0aed3b88880c"}, "_:id4": {"prov:activity": "roocs:subset_ts_1_fbdde79d-8b2e-45e5-bfce-2ad5c89b34b8", "prov:agent": "roocs:clisops_v0.16.1", "prov:plan": "roocs:workflow_037955ec-0688-4bf1-b76f-0aed3b88880c"}}, "wasDerivedFrom": {"_:id5": {"prov:generatedEntity": "roocs:ts_Amon_MRI-ESM2-0_historical_r1i1p1f1_gn_19500116-20141216.nc", "prov:usedEntity": "roocs:c3s-cmip6.CMIP.MRI.MRI-ESM2-0.historical.r1i1p1f1.Amon.ts.gn.v20190222", "prov:activity": "roocs:subset_ts_1_fbdde79d-8b2e-45e5-bfce-2ad5c89b34b8"}}}